level,algorithm,time,memory,states_generated,solution_moves,optimal_moves,difference_from_optimal,solution
Level 6,BFS,0.004517078399658203,56512,49,5,5,0,"['SlideLeft', 'SlideUp', 'SlideLeft', 'SlideUp', 'SlideRight']"
Level 6,IDS,0.004489898681640625,8928,111,5,5,0,"['SlideLeft', 'SlideUp', 'SlideLeft', 'SlideUp', 'SlideRight']"
Level 6,Greedy-SumTeleport,0.005532264709472656,17808,28,5,5,0,"['SlideLeft', 'SlideUp', 'SlideLeft', 'SlideUp', 'SlideRight']"
Level 6,Greedy-MaxTeleport,0.004681825637817383,13184,28,5,5,0,"['SlideLeft', 'SlideUp', 'SlideLeft', 'SlideUp', 'SlideRight']"
Level 6,Greedy-SumBlockers,0.001605987548828125,6008,8,5,5,0,"['SlideLeft', 'SlideUp', 'SlideLeft', 'SlideUp', 'SlideRight']"
Level 6,Greedy-MaxBlockers,0.0023267269134521484,9124,13,5,5,0,"['SlideLeft', 'SlideUp', 'SlideLeft', 'SlideUp', 'SlideRight']"
Level 6,Greedy-SumConflicts,0.037407875061035156,69449,190,5,5,0,"['SlideLeft', 'SlideUp', 'SlideLeft', 'SlideUp', 'SlideRight']"
Level 6,Greedy-MaxConflicts,0.003098011016845703,10756,16,5,5,0,"['SlideLeft', 'SlideUp', 'SlideLeft', 'SlideUp', 'SlideRight']"
Level 6,Astar-SumTeleport,0.00657200813293457,19224,32,5,5,0,"['SlideLeft', 'SlideUp', 'SlideLeft', 'SlideUp', 'SlideRight']"
Level 6,Astar-MaxTeleport,0.007175922393798828,20347,36,5,5,0,"['SlideLeft', 'SlideUp', 'SlideLeft', 'SlideUp', 'SlideRight']"
Level 6,Astar-SumBlockers,0.002119302749633789,8840,11,5,5,0,"['SlideLeft', 'SlideUp', 'SlideLeft', 'SlideUp', 'SlideRight']"
Level 6,Astar-MaxBlockers,0.003590822219848633,11206,18,5,5,0,"['SlideLeft', 'SlideUp', 'SlideLeft', 'SlideUp', 'SlideRight']"
Level 6,Astar-SumConflicts,0.0061838626861572266,16340,24,5,5,0,"['SlideLeft', 'SlideUp', 'SlideLeft', 'SlideUp', 'SlideRight']"
Level 6,Astar-MaxConflicts,0.005660057067871094,16636,28,5,5,0,"['SlideLeft', 'SlideUp', 'SlideLeft', 'SlideUp', 'SlideRight']"
Level 11,BFS,0.004038095474243164,10668,48,6,6,0,"['SlideRight', 'SlideUp', 'SlideLeft', 'SlideDown', 'SlideRight', 'SlideUp']"
Level 11,IDS,0.009098291397094727,10392,193,7,6,1,"['SlideLeft', 'SlideRight', 'SlideUp', 'SlideLeft', 'SlideDown', 'SlideRight', 'SlideUp']"
Level 11,Greedy-SumTeleport,0.0015139579772949219,5308,9,6,6,0,"['SlideRight', 'SlideUp', 'SlideLeft', 'SlideDown', 'SlideRight', 'SlideUp']"
Level 11,Greedy-MaxTeleport,0.00528264045715332,8884,37,6,6,0,"['SlideRight', 'SlideUp', 'SlideLeft', 'SlideDown', 'SlideRight', 'SlideUp']"
Level 11,Greedy-SumBlockers,0.0013821125030517578,5772,8,6,6,0,"['SlideRight', 'SlideUp', 'SlideLeft', 'SlideDown', 'SlideRight', 'SlideUp']"
Level 11,Greedy-MaxBlockers,0.00643610954284668,11216,19,6,6,0,"['SlideRight', 'SlideUp', 'SlideLeft', 'SlideDown', 'SlideRight', 'SlideUp']"
Level 11,Greedy-SumConflicts,0.0020301342010498047,5772,8,6,6,0,"['SlideRight', 'SlideUp', 'SlideLeft', 'SlideDown', 'SlideRight', 'SlideUp']"
Level 11,Greedy-MaxConflicts,0.005315065383911133,10600,30,6,6,0,"['SlideRight', 'SlideUp', 'SlideLeft', 'SlideDown', 'SlideRight', 'SlideUp']"
Level 11,Astar-SumTeleport,0.003804922103881836,9832,26,6,6,0,"['SlideRight', 'SlideUp', 'SlideLeft', 'SlideDown', 'SlideRight', 'SlideUp']"
Level 11,Astar-MaxTeleport,0.006536006927490234,9712,33,6,6,0,"['SlideRight', 'SlideUp', 'SlideLeft', 'SlideDown', 'SlideRight', 'SlideUp']"
Level 11,Astar-SumBlockers,0.003253936767578125,9700,19,6,6,0,"['SlideRight', 'SlideUp', 'SlideLeft', 'SlideDown', 'SlideRight', 'SlideUp']"
Level 11,Astar-MaxBlockers,0.00533294677734375,11246,26,6,6,0,"['SlideRight', 'SlideUp', 'SlideLeft', 'SlideDown', 'SlideRight', 'SlideUp']"
Level 11,Astar-SumConflicts,0.004348278045654297,9576,24,6,6,0,"['SlideRight', 'SlideUp', 'SlideLeft', 'SlideDown', 'SlideRight', 'SlideUp']"
Level 11,Astar-MaxConflicts,0.006149768829345703,10939,30,6,6,0,"['SlideRight', 'SlideUp', 'SlideLeft', 'SlideDown', 'SlideRight', 'SlideUp']"
Level 29,BFS,0.012716054916381836,29600,105,11,11,0,"['SlideDown', 'SlideLeft', 'SlideUp', 'SlideRight', 'SlideUp', 'SlideLeft', 'SlideDown', 'SlideRight', 'SlideDown', 'SlideLeft', 'SlideDown']"
Level 29,IDS,0.03693890571594238,21253,731,12,11,1,"['SlideDown', 'SlideLeft', 'SlideUp', 'SlideRight', 'SlideUp', 'SlideLeft', 'SlideDown', 'SlideLeft', 'SlideRight', 'SlideDown', 'SlideLeft', 'SlideDown']"
Level 29,Greedy-SumTeleport,0.010779857635498047,18224,79,11,11,0,"['SlideDown', 'SlideLeft', 'SlideUp', 'SlideRight', 'SlideUp', 'SlideLeft', 'SlideDown', 'SlideRight', 'SlideDown', 'SlideLeft', 'SlideDown']"
Level 29,Greedy-MaxTeleport,0.0061910152435302734,11857,37,11,11,0,"['SlideDown', 'SlideLeft', 'SlideUp', 'SlideRight', 'SlideUp', 'SlideLeft', 'SlideDown', 'SlideRight', 'SlideDown', 'SlideLeft', 'SlideDown']"
Level 29,Greedy-SumBlockers,0.013280868530273438,17672,78,11,11,0,"['SlideDown', 'SlideLeft', 'SlideUp', 'SlideRight', 'SlideUp', 'SlideLeft', 'SlideDown', 'SlideRight', 'SlideDown', 'SlideLeft', 'SlideDown']"
Level 29,Greedy-MaxBlockers,0.003509044647216797,9860,21,11,11,0,"['SlideDown', 'SlideLeft', 'SlideUp', 'SlideRight', 'SlideUp', 'SlideLeft', 'SlideDown', 'SlideRight', 'SlideDown', 'SlideLeft', 'SlideDown']"
Level 29,Greedy-SumConflicts,0.01803112030029297,28628,76,11,11,0,"['SlideDown', 'SlideLeft', 'SlideUp', 'SlideRight', 'SlideUp', 'SlideLeft', 'SlideDown', 'SlideRight', 'SlideDown', 'SlideLeft', 'SlideDown']"
Level 29,Greedy-MaxConflicts,0.012546062469482422,25592,62,11,11,0,"['SlideDown', 'SlideLeft', 'SlideUp', 'SlideRight', 'SlideUp', 'SlideLeft', 'SlideDown', 'SlideRight', 'SlideDown', 'SlideLeft', 'SlideDown']"
Level 29,Astar-SumTeleport,0.00923013687133789,21920,59,11,11,0,"['SlideDown', 'SlideLeft', 'SlideUp', 'SlideRight', 'SlideUp', 'SlideLeft', 'SlideDown', 'SlideRight', 'SlideDown', 'SlideLeft', 'SlideDown']"
Level 29,Astar-MaxTeleport,0.011722803115844727,25928,72,11,11,0,"['SlideDown', 'SlideLeft', 'SlideUp', 'SlideRight', 'SlideUp', 'SlideLeft', 'SlideDown', 'SlideRight', 'SlideDown', 'SlideLeft', 'SlideDown']"
Level 29,Astar-SumBlockers,0.009907007217407227,15220,57,11,11,0,"['SlideDown', 'SlideLeft', 'SlideUp', 'SlideRight', 'SlideUp', 'SlideLeft', 'SlideDown', 'SlideRight', 'SlideDown', 'SlideLeft', 'SlideDown']"
Level 29,Astar-MaxBlockers,0.011947870254516602,25060,67,11,11,0,"['SlideDown', 'SlideLeft', 'SlideUp', 'SlideRight', 'SlideUp', 'SlideLeft', 'SlideDown', 'SlideRight', 'SlideDown', 'SlideLeft', 'SlideDown']"
Level 29,Astar-SumConflicts,0.011404037475585938,23784,60,11,11,0,"['SlideDown', 'SlideLeft', 'SlideUp', 'SlideRight', 'SlideUp', 'SlideLeft', 'SlideDown', 'SlideRight', 'SlideDown', 'SlideLeft', 'SlideDown']"
Level 29,Astar-MaxConflicts,0.011532068252563477,24208,66,11,11,0,"['SlideDown', 'SlideLeft', 'SlideUp', 'SlideRight', 'SlideUp', 'SlideLeft', 'SlideDown', 'SlideRight', 'SlideDown', 'SlideLeft', 'SlideDown']"
Level 35,BFS,0.10766196250915527,379868,1066,12,12,0,"['SlideDown', 'SlideRight', 'SlideUp', 'SlideLeft', 'SlideDown', 'SlideRight', 'SlideUp', 'SlideRight', 'SlideDown', 'SlideLeft', 'SlideDown', 'SlideRight']"
Level 35,IDS,0.6332969665527344,181008,12813,18,12,6,"['SlideUp', 'SlideDown', 'SlideRight', 'SlideUp', 'SlideLeft', 'SlideDown', 'SlideRight', 'SlideDown', 'SlideUp', 'SlideLeft', 'SlideRight', 'SlideDown', 'SlideLeft', 'SlideRight', 'SlideLeft', 'SlideUp', 'SlideDown', 'SlideRight']"
Level 35,Greedy-SumTeleport,0.00973820686340332,25456,56,12,12,0,"['SlideDown', 'SlideRight', 'SlideUp', 'SlideLeft', 'SlideDown', 'SlideRight', 'SlideUp', 'SlideRight', 'SlideDown', 'SlideLeft', 'SlideDown', 'SlideRight']"
Level 35,Greedy-MaxTeleport,0.07387018203735352,195784,415,12,12,0,"['SlideDown', 'SlideRight', 'SlideUp', 'SlideLeft', 'SlideDown', 'SlideRight', 'SlideUp', 'SlideRight', 'SlideDown', 'SlideLeft', 'SlideDown', 'SlideRight']"
Level 35,Greedy-SumBlockers,0.00681614875793457,17622,31,12,12,0,"['SlideDown', 'SlideRight', 'SlideUp', 'SlideLeft', 'SlideDown', 'SlideRight', 'SlideUp', 'SlideRight', 'SlideDown', 'SlideLeft', 'SlideDown', 'SlideRight']"
Level 35,Greedy-MaxBlockers,0.017388105392456055,40704,103,12,12,0,"['SlideDown', 'SlideRight', 'SlideUp', 'SlideLeft', 'SlideDown', 'SlideRight', 'SlideUp', 'SlideRight', 'SlideDown', 'SlideLeft', 'SlideDown', 'SlideRight']"
Level 35,Greedy-SumConflicts,0.009290933609008789,29860,44,12,12,0,"['SlideDown', 'SlideRight', 'SlideUp', 'SlideLeft', 'SlideDown', 'SlideRight', 'SlideUp', 'SlideRight', 'SlideDown', 'SlideLeft', 'SlideDown', 'SlideRight']"
Level 35,Greedy-MaxConflicts,0.07828688621520996,188412,415,12,12,0,"['SlideDown', 'SlideRight', 'SlideUp', 'SlideLeft', 'SlideDown', 'SlideRight', 'SlideUp', 'SlideRight', 'SlideDown', 'SlideLeft', 'SlideDown', 'SlideRight']"
Level 35,Astar-SumTeleport,0.07764387130737305,193080,488,12,12,0,"['SlideDown', 'SlideRight', 'SlideUp', 'SlideLeft', 'SlideDown', 'SlideRight', 'SlideUp', 'SlideRight', 'SlideDown', 'SlideLeft', 'SlideDown', 'SlideRight']"
Level 35,Astar-MaxTeleport,0.11156392097473145,237204,718,12,12,0,"['SlideDown', 'SlideRight', 'SlideUp', 'SlideLeft', 'SlideDown', 'SlideRight', 'SlideUp', 'SlideRight', 'SlideDown', 'SlideLeft', 'SlideDown', 'SlideRight']"
Level 35,Astar-SumBlockers,0.0670928955078125,170320,402,12,12,0,"['SlideDown', 'SlideRight', 'SlideUp', 'SlideLeft', 'SlideDown', 'SlideRight', 'SlideUp', 'SlideRight', 'SlideDown', 'SlideLeft', 'SlideDown', 'SlideRight']"
Level 35,Astar-MaxBlockers,0.10827970504760742,218220,657,12,12,0,"['SlideDown', 'SlideRight', 'SlideUp', 'SlideLeft', 'SlideDown', 'SlideRight', 'SlideUp', 'SlideRight', 'SlideDown', 'SlideLeft', 'SlideDown', 'SlideRight']"
Level 35,Astar-SumConflicts,0.0786747932434082,196488,442,12,12,0,"['SlideDown', 'SlideRight', 'SlideUp', 'SlideLeft', 'SlideDown', 'SlideRight', 'SlideUp', 'SlideRight', 'SlideDown', 'SlideLeft', 'SlideDown', 'SlideRight']"
Level 35,Astar-MaxConflicts,0.12444090843200684,234884,718,12,12,0,"['SlideDown', 'SlideRight', 'SlideUp', 'SlideLeft', 'SlideDown', 'SlideRight', 'SlideUp', 'SlideRight', 'SlideDown', 'SlideLeft', 'SlideDown', 'SlideRight']"
Level 41,BFS,0.6148521900177002,4668864,5634,13,13,0,"['SlideDown', 'SlideLeft', 'SlideUp', 'SlideLeft', 'SlideDown', 'SlideLeft', 'SlideDown', 'SlideRight', 'SlideDown', 'SlideLeft', 'SlideUp', 'SlideRight', 'SlideUp']"
Level 41,IDS,1.1392321586608887,447440,26681,17,13,4,"['SlideLeft', 'SlideUp', 'SlideDown', 'SlideLeft', 'SlideUp', 'SlideLeft', 'SlideDown', 'SlideLeft', 'SlideUp', 'SlideDown', 'SlideRight', 'SlideUp', 'SlideDown', 'SlideLeft', 'SlideUp', 'SlideRight', 'SlideUp']"
Level 41,Greedy-SumTeleport,0.9009368419647217,2967432,5114,13,13,0,"['SlideDown', 'SlideLeft', 'SlideUp', 'SlideLeft', 'SlideDown', 'SlideLeft', 'SlideDown', 'SlideRight', 'SlideDown', 'SlideLeft', 'SlideUp', 'SlideRight', 'SlideUp']"
Level 41,Greedy-MaxTeleport,0.7447848320007324,3247888,4087,13,13,0,"['SlideDown', 'SlideLeft', 'SlideUp', 'SlideLeft', 'SlideDown', 'SlideLeft', 'SlideDown', 'SlideRight', 'SlideDown', 'SlideLeft', 'SlideUp', 'SlideRight', 'SlideUp']"
Level 41,Greedy-SumBlockers,0.3094441890716553,1010488,1636,15,13,2,"['SlideDown', 'SlideLeft', 'SlideDown', 'SlideRight', 'SlideUp', 'SlideLeft', 'SlideDown', 'SlideLeft', 'SlideDown', 'SlideRight', 'SlideDown', 'SlideLeft', 'SlideUp', 'SlideRight', 'SlideUp']"
Level 41,Greedy-MaxBlockers,2.525294780731201,3294156,14836,13,13,0,"['SlideDown', 'SlideLeft', 'SlideUp', 'SlideLeft', 'SlideDown', 'SlideLeft', 'SlideDown', 'SlideRight', 'SlideDown', 'SlideLeft', 'SlideUp', 'SlideRight', 'SlideUp']"
Level 41,Greedy-SumConflicts,0.4987328052520752,1600948,2607,13,13,0,"['SlideDown', 'SlideLeft', 'SlideUp', 'SlideLeft', 'SlideDown', 'SlideLeft', 'SlideDown', 'SlideRight', 'SlideDown', 'SlideLeft', 'SlideUp', 'SlideRight', 'SlideUp']"
Level 41,Greedy-MaxConflicts,0.8499190807342529,3231440,4087,13,13,0,"['SlideDown', 'SlideLeft', 'SlideUp', 'SlideLeft', 'SlideDown', 'SlideLeft', 'SlideDown', 'SlideRight', 'SlideDown', 'SlideLeft', 'SlideUp', 'SlideRight', 'SlideUp']"
Level 41,Astar-SumTeleport,0.37711286544799805,1596660,2070,13,13,0,"['SlideDown', 'SlideLeft', 'SlideUp', 'SlideLeft', 'SlideDown', 'SlideLeft', 'SlideDown', 'SlideRight', 'SlideDown', 'SlideLeft', 'SlideUp', 'SlideRight', 'SlideUp']"
Level 41,Astar-MaxTeleport,0.5433762073516846,2149460,2644,13,13,0,"['SlideDown', 'SlideLeft', 'SlideUp', 'SlideLeft', 'SlideDown', 'SlideLeft', 'SlideDown', 'SlideRight', 'SlideDown', 'SlideLeft', 'SlideUp', 'SlideRight', 'SlideUp']"
Level 41,Astar-SumBlockers,0.297896146774292,1272124,1526,13,13,0,"['SlideDown', 'SlideLeft', 'SlideUp', 'SlideLeft', 'SlideDown', 'SlideLeft', 'SlideDown', 'SlideRight', 'SlideDown', 'SlideLeft', 'SlideUp', 'SlideRight', 'SlideUp']"
Level 41,Astar-MaxBlockers,0.5209531784057617,1745116,2103,13,13,0,"['SlideDown', 'SlideLeft', 'SlideUp', 'SlideLeft', 'SlideDown', 'SlideLeft', 'SlideDown', 'SlideRight', 'SlideDown', 'SlideLeft', 'SlideUp', 'SlideRight', 'SlideUp']"
Level 41,Astar-SumConflicts,0.4956390857696533,1557992,1959,13,13,0,"['SlideDown', 'SlideLeft', 'SlideUp', 'SlideLeft', 'SlideDown', 'SlideLeft', 'SlideDown', 'SlideRight', 'SlideDown', 'SlideLeft', 'SlideUp', 'SlideRight', 'SlideUp']"
Level 41,Astar-MaxConflicts,0.635749101638794,2088460,2644,13,13,0,"['SlideDown', 'SlideLeft', 'SlideUp', 'SlideLeft', 'SlideDown', 'SlideLeft', 'SlideDown', 'SlideRight', 'SlideDown', 'SlideLeft', 'SlideUp', 'SlideRight', 'SlideUp']"
Level 53,BFS,0.09060311317443848,207132,863,14,14,0,"['SlideRight', 'SlideUp', 'SlideLeft', 'SlideDown', 'SlideLeft', 'SlideDown', 'SlideRight', 'SlideUp', 'SlideLeft', 'SlideDown', 'SlideLeft', 'SlideUp', 'SlideRight', 'SlideUp']"
Level 53,IDS,0.36173009872436523,132936,8063,19,14,5,"['SlideLeft', 'SlideRight', 'SlideUp', 'SlideRight', 'SlideDown', 'SlideLeft', 'SlideUp', 'SlideRight', 'SlideLeft', 'SlideDown', 'SlideRight', 'SlideUp', 'SlideLeft', 'SlideUp', 'SlideDown', 'SlideLeft', 'SlideUp', 'SlideRight', 'SlideUp']"
Level 53,Greedy-SumTeleport,0.0250551700592041,55956,146,14,14,0,"['SlideRight', 'SlideUp', 'SlideLeft', 'SlideDown', 'SlideLeft', 'SlideDown', 'SlideRight', 'SlideUp', 'SlideLeft', 'SlideDown', 'SlideLeft', 'SlideUp', 'SlideRight', 'SlideUp']"
Level 53,Greedy-MaxTeleport,0.20018386840820312,184356,565,14,14,0,"['SlideRight', 'SlideUp', 'SlideLeft', 'SlideDown', 'SlideLeft', 'SlideDown', 'SlideRight', 'SlideUp', 'SlideLeft', 'SlideDown', 'SlideLeft', 'SlideUp', 'SlideRight', 'SlideUp']"
Level 53,Greedy-SumBlockers,0.12716007232666016,119108,740,14,14,0,"['SlideRight', 'SlideUp', 'SlideLeft', 'SlideDown', 'SlideLeft', 'SlideDown', 'SlideRight', 'SlideUp', 'SlideLeft', 'SlideDown', 'SlideLeft', 'SlideUp', 'SlideRight', 'SlideUp']"
Level 53,Greedy-MaxBlockers,0.1014871597290039,132168,594,14,14,0,"['SlideRight', 'SlideUp', 'SlideLeft', 'SlideDown', 'SlideLeft', 'SlideDown', 'SlideRight', 'SlideUp', 'SlideLeft', 'SlideDown', 'SlideLeft', 'SlideUp', 'SlideRight', 'SlideUp']"
Level 53,Greedy-SumConflicts,0.03433871269226074,68296,173,14,14,0,"['SlideRight', 'SlideUp', 'SlideLeft', 'SlideDown', 'SlideLeft', 'SlideDown', 'SlideRight', 'SlideUp', 'SlideLeft', 'SlideDown', 'SlideLeft', 'SlideUp', 'SlideRight', 'SlideUp']"
Level 53,Greedy-MaxConflicts,0.09923195838928223,184412,565,14,14,0,"['SlideRight', 'SlideUp', 'SlideLeft', 'SlideDown', 'SlideLeft', 'SlideDown', 'SlideRight', 'SlideUp', 'SlideLeft', 'SlideDown', 'SlideLeft', 'SlideUp', 'SlideRight', 'SlideUp']"
Level 53,Astar-SumTeleport,0.07584285736083984,169588,458,14,14,0,"['SlideRight', 'SlideUp', 'SlideLeft', 'SlideDown', 'SlideLeft', 'SlideDown', 'SlideRight', 'SlideUp', 'SlideLeft', 'SlideDown', 'SlideLeft', 'SlideUp', 'SlideRight', 'SlideUp']"
Level 53,Astar-MaxTeleport,0.11582016944885254,195608,676,14,14,0,"['SlideRight', 'SlideUp', 'SlideLeft', 'SlideDown', 'SlideLeft', 'SlideDown', 'SlideRight', 'SlideUp', 'SlideLeft', 'SlideDown', 'SlideLeft', 'SlideUp', 'SlideRight', 'SlideUp']"
Level 53,Astar-SumBlockers,0.06717300415039062,160948,336,14,14,0,"['SlideRight', 'SlideUp', 'SlideLeft', 'SlideDown', 'SlideLeft', 'SlideDown', 'SlideRight', 'SlideUp', 'SlideLeft', 'SlideDown', 'SlideLeft', 'SlideUp', 'SlideRight', 'SlideUp']"
Level 53,Astar-MaxBlockers,0.10529518127441406,183192,596,14,14,0,"['SlideRight', 'SlideUp', 'SlideLeft', 'SlideDown', 'SlideLeft', 'SlideDown', 'SlideRight', 'SlideUp', 'SlideLeft', 'SlideDown', 'SlideLeft', 'SlideUp', 'SlideRight', 'SlideUp']"
Level 53,Astar-SumConflicts,0.08160281181335449,169672,424,14,14,0,"['SlideRight', 'SlideUp', 'SlideLeft', 'SlideDown', 'SlideLeft', 'SlideDown', 'SlideRight', 'SlideUp', 'SlideLeft', 'SlideDown', 'SlideLeft', 'SlideUp', 'SlideRight', 'SlideUp']"
Level 53,Astar-MaxConflicts,0.13139104843139648,195664,676,14,14,0,"['SlideRight', 'SlideUp', 'SlideLeft', 'SlideDown', 'SlideLeft', 'SlideDown', 'SlideRight', 'SlideUp', 'SlideLeft', 'SlideDown', 'SlideLeft', 'SlideUp', 'SlideRight', 'SlideUp']"
Level 60,BFS,1.6353740692138672,6736892,12797,15,15,0,"['SlideRight', 'SlideUp', 'SlideLeft', 'SlideDown', 'SlideLeft', 'SlideUp', 'SlideRight', 'SlideUp', 'SlideLeft', 'SlideDown', 'SlideLeft', 'SlideDown', 'SlideLeft', 'SlideUp', 'SlideRight']"
Level 60,IDS,1.647942066192627,474768,28978,16,15,1,"['SlideLeft', 'SlideRight', 'SlideUp', 'SlideLeft', 'SlideDown', 'SlideLeft', 'SlideUp', 'SlideRight', 'SlideUp', 'SlideLeft', 'SlideDown', 'SlideLeft', 'SlideDown', 'SlideLeft', 'SlideUp', 'SlideRight']"
Level 60,Greedy-SumTeleport,7.554912090301514,9235980,48397,15,15,0,"['SlideRight', 'SlideUp', 'SlideLeft', 'SlideDown', 'SlideLeft', 'SlideUp', 'SlideRight', 'SlideUp', 'SlideLeft', 'SlideDown', 'SlideLeft', 'SlideDown', 'SlideLeft', 'SlideUp', 'SlideRight']"
Level 60,Greedy-MaxTeleport,0.8965201377868652,3413728,5072,15,15,0,"['SlideRight', 'SlideUp', 'SlideLeft', 'SlideDown', 'SlideLeft', 'SlideUp', 'SlideRight', 'SlideUp', 'SlideLeft', 'SlideDown', 'SlideLeft', 'SlideDown', 'SlideLeft', 'SlideUp', 'SlideRight']"
Level 60,Greedy-SumBlockers,0.9795160293579102,2198272,5999,15,15,0,"['SlideRight', 'SlideUp', 'SlideLeft', 'SlideDown', 'SlideLeft', 'SlideUp', 'SlideRight', 'SlideUp', 'SlideLeft', 'SlideDown', 'SlideLeft', 'SlideDown', 'SlideLeft', 'SlideUp', 'SlideRight']"
Level 60,Greedy-MaxBlockers,0.3571951389312744,1137768,1808,15,15,0,"['SlideRight', 'SlideUp', 'SlideLeft', 'SlideDown', 'SlideLeft', 'SlideUp', 'SlideRight', 'SlideUp', 'SlideLeft', 'SlideDown', 'SlideLeft', 'SlideDown', 'SlideLeft', 'SlideUp', 'SlideRight']"
Level 60,Greedy-SumConflicts,7.9497389793396,12045176,43861,15,15,0,"['SlideRight', 'SlideUp', 'SlideLeft', 'SlideDown', 'SlideLeft', 'SlideUp', 'SlideRight', 'SlideUp', 'SlideLeft', 'SlideDown', 'SlideLeft', 'SlideDown', 'SlideLeft', 'SlideUp', 'SlideRight']"
Level 60,Greedy-MaxConflicts,1.0091519355773926,3413840,5072,15,15,0,"['SlideRight', 'SlideUp', 'SlideLeft', 'SlideDown', 'SlideLeft', 'SlideUp', 'SlideRight', 'SlideUp', 'SlideLeft', 'SlideDown', 'SlideLeft', 'SlideDown', 'SlideLeft', 'SlideUp', 'SlideRight']"
Level 60,Astar-SumTeleport,1.3239820003509521,4407104,7231,15,15,0,"['SlideRight', 'SlideUp', 'SlideLeft', 'SlideDown', 'SlideLeft', 'SlideUp', 'SlideRight', 'SlideUp', 'SlideLeft', 'SlideDown', 'SlideLeft', 'SlideDown', 'SlideLeft', 'SlideUp', 'SlideRight']"
Level 60,Astar-MaxTeleport,1.4633469581604004,4892512,7773,15,15,0,"['SlideRight', 'SlideUp', 'SlideLeft', 'SlideDown', 'SlideLeft', 'SlideUp', 'SlideRight', 'SlideUp', 'SlideLeft', 'SlideDown', 'SlideLeft', 'SlideDown', 'SlideLeft', 'SlideUp', 'SlideRight']"
Level 60,Astar-SumBlockers,1.1835441589355469,3893628,6348,15,15,0,"['SlideRight', 'SlideUp', 'SlideLeft', 'SlideDown', 'SlideLeft', 'SlideUp', 'SlideRight', 'SlideUp', 'SlideLeft', 'SlideDown', 'SlideLeft', 'SlideDown', 'SlideLeft', 'SlideUp', 'SlideRight']"
Level 60,Astar-MaxBlockers,1.4134628772735596,4547356,7165,15,15,0,"['SlideRight', 'SlideUp', 'SlideLeft', 'SlideDown', 'SlideLeft', 'SlideUp', 'SlideRight', 'SlideUp', 'SlideLeft', 'SlideDown', 'SlideLeft', 'SlideDown', 'SlideLeft', 'SlideUp', 'SlideRight']"
Level 60,Astar-SumConflicts,1.3471648693084717,4348960,6756,15,15,0,"['SlideRight', 'SlideUp', 'SlideLeft', 'SlideDown', 'SlideLeft', 'SlideUp', 'SlideRight', 'SlideUp', 'SlideLeft', 'SlideDown', 'SlideLeft', 'SlideDown', 'SlideLeft', 'SlideUp', 'SlideRight']"
Level 60,Astar-MaxConflicts,1.5986289978027344,4892624,7773,15,15,0,"['SlideRight', 'SlideUp', 'SlideLeft', 'SlideDown', 'SlideLeft', 'SlideUp', 'SlideRight', 'SlideUp', 'SlideLeft', 'SlideDown', 'SlideLeft', 'SlideDown', 'SlideLeft', 'SlideUp', 'SlideRight']"
Level 73,BFS,0.5474879741668701,3305744,5068,12,12,0,"['SlideUp', 'SlideLeft', 'SlideDown', 'SlideRight', 'SlideDown', 'SlideRight', 'SlideUp', 'SlideRight', 'SlideDown', 'SlideLeft', 'SlideUp', 'SlideRight']"
Level 73,IDS,0.5598869323730469,279128,12338,12,12,0,"['SlideUp', 'SlideLeft', 'SlideDown', 'SlideRight', 'SlideDown', 'SlideRight', 'SlideUp', 'SlideRight', 'SlideDown', 'SlideLeft', 'SlideUp', 'SlideRight']"
Level 73,Greedy-SumTeleport,0.13363099098205566,266536,935,12,12,0,"['SlideUp', 'SlideLeft', 'SlideDown', 'SlideRight', 'SlideDown', 'SlideRight', 'SlideUp', 'SlideRight', 'SlideDown', 'SlideLeft', 'SlideUp', 'SlideRight']"
Level 73,Greedy-MaxTeleport,0.25931286811828613,650856,1685,14,12,2,"['SlideDown', 'SlideRight', 'SlideUp', 'SlideLeft', 'SlideDown', 'SlideRight', 'SlideDown', 'SlideRight', 'SlideUp', 'SlideRight', 'SlideDown', 'SlideLeft', 'SlideUp', 'SlideRight']"
Level 73,Greedy-SumBlockers,0.8503568172454834,1760100,5152,14,12,2,"['SlideDown', 'SlideRight', 'SlideUp', 'SlideLeft', 'SlideDown', 'SlideRight', 'SlideDown', 'SlideRight', 'SlideUp', 'SlideRight', 'SlideDown', 'SlideLeft', 'SlideUp', 'SlideRight']"
Level 73,Greedy-MaxBlockers,7.03004002571106,9264856,42782,12,12,0,"['SlideUp', 'SlideLeft', 'SlideDown', 'SlideRight', 'SlideDown', 'SlideRight', 'SlideUp', 'SlideRight', 'SlideDown', 'SlideLeft', 'SlideUp', 'SlideRight']"
Level 73,Greedy-SumConflicts,0.23158717155456543,266472,935,12,12,0,"['SlideUp', 'SlideLeft', 'SlideDown', 'SlideRight', 'SlideDown', 'SlideRight', 'SlideUp', 'SlideRight', 'SlideDown', 'SlideLeft', 'SlideUp', 'SlideRight']"
Level 73,Greedy-MaxConflicts,0.47843289375305176,650968,1685,14,12,2,"['SlideDown', 'SlideRight', 'SlideUp', 'SlideLeft', 'SlideDown', 'SlideRight', 'SlideDown', 'SlideRight', 'SlideUp', 'SlideRight', 'SlideDown', 'SlideLeft', 'SlideUp', 'SlideRight']"
Level 73,Astar-SumTeleport,0.5932378768920898,1794016,3315,12,12,0,"['SlideUp', 'SlideLeft', 'SlideDown', 'SlideRight', 'SlideDown', 'SlideRight', 'SlideUp', 'SlideRight', 'SlideDown', 'SlideLeft', 'SlideUp', 'SlideRight']"
Level 73,Astar-MaxTeleport,0.577509880065918,2417592,3390,12,12,0,"['SlideUp', 'SlideLeft', 'SlideDown', 'SlideRight', 'SlideDown', 'SlideRight', 'SlideUp', 'SlideRight', 'SlideDown', 'SlideLeft', 'SlideUp', 'SlideRight']"
Level 73,Astar-SumBlockers,0.5463318824768066,1674632,3010,12,12,0,"['SlideUp', 'SlideLeft', 'SlideDown', 'SlideRight', 'SlideDown', 'SlideRight', 'SlideUp', 'SlideRight', 'SlideDown', 'SlideLeft', 'SlideUp', 'SlideRight']"
Level 73,Astar-MaxBlockers,0.5919041633605957,1769548,2876,12,12,0,"['SlideUp', 'SlideLeft', 'SlideDown', 'SlideRight', 'SlideDown', 'SlideRight', 'SlideUp', 'SlideRight', 'SlideDown', 'SlideLeft', 'SlideUp', 'SlideRight']"
Level 73,Astar-SumConflicts,0.7166097164154053,1797296,3315,12,12,0,"['SlideUp', 'SlideLeft', 'SlideDown', 'SlideRight', 'SlideDown', 'SlideRight', 'SlideUp', 'SlideRight', 'SlideDown', 'SlideLeft', 'SlideUp', 'SlideRight']"
Level 73,Astar-MaxConflicts,0.7239999771118164,2431312,3390,12,12,0,"['SlideUp', 'SlideLeft', 'SlideDown', 'SlideRight', 'SlideDown', 'SlideRight', 'SlideUp', 'SlideRight', 'SlideDown', 'SlideLeft', 'SlideUp', 'SlideRight']"
Level 116,BFS,0.1308889389038086,882804,815,9,9,0,"['SlideLeft', 'SlideUp', 'SlideRight', 'SlideUp', 'SlideLeft', 'SlideDown', 'SlideLeft', 'SlideDown', 'SlideRight']"
Level 116,IDS,0.15767598152160645,77516,2806,10,9,1,"['SlideLeft', 'SlideRight', 'SlideDown', 'SlideLeft', 'SlideUp', 'SlideLeft', 'SlideDown', 'SlideLeft', 'SlideDown', 'SlideRight']"
Level 116,Greedy-SumTeleport,0.12161898612976074,278920,453,9,9,0,"['SlideLeft', 'SlideUp', 'SlideRight', 'SlideUp', 'SlideLeft', 'SlideDown', 'SlideLeft', 'SlideDown', 'SlideRight']"
Level 116,Greedy-MaxTeleport,0.04098010063171387,108532,142,9,9,0,"['SlideLeft', 'SlideUp', 'SlideRight', 'SlideUp', 'SlideLeft', 'SlideDown', 'SlideLeft', 'SlideDown', 'SlideRight']"
Level 116,Greedy-SumBlockers,0.5658929347991943,1200596,2133,9,9,0,"['SlideLeft', 'SlideUp', 'SlideRight', 'SlideUp', 'SlideLeft', 'SlideDown', 'SlideLeft', 'SlideDown', 'SlideRight']"
Level 116,Greedy-MaxBlockers,1.9946057796478271,4283952,7837,9,9,0,"['SlideLeft', 'SlideUp', 'SlideRight', 'SlideUp', 'SlideLeft', 'SlideDown', 'SlideLeft', 'SlideDown', 'SlideRight']"
Level 116,Greedy-SumConflicts,0.046999216079711914,109728,182,9,9,0,"['SlideLeft', 'SlideUp', 'SlideRight', 'SlideUp', 'SlideLeft', 'SlideDown', 'SlideLeft', 'SlideDown', 'SlideRight']"
Level 116,Greedy-MaxConflicts,0.042085886001586914,108588,142,9,9,0,"['SlideLeft', 'SlideUp', 'SlideRight', 'SlideUp', 'SlideLeft', 'SlideDown', 'SlideLeft', 'SlideDown', 'SlideRight']"
Level 116,Astar-SumTeleport,0.04052305221557617,169216,169,9,9,0,"['SlideRight', 'SlideDown', 'SlideLeft', 'SlideUp', 'SlideLeft', 'SlideDown', 'SlideLeft', 'SlideDown', 'SlideRight']"
Level 116,Astar-MaxTeleport,0.11094999313354492,384632,450,9,9,0,"['SlideLeft', 'SlideUp', 'SlideRight', 'SlideUp', 'SlideLeft', 'SlideDown', 'SlideLeft', 'SlideDown', 'SlideRight']"
Level 116,Astar-SumBlockers,0.03496599197387695,118208,124,9,9,0,"['SlideLeft', 'SlideUp', 'SlideRight', 'SlideUp', 'SlideLeft', 'SlideDown', 'SlideLeft', 'SlideDown', 'SlideRight']"
Level 116,Astar-MaxBlockers,0.08948612213134766,289764,333,9,9,0,"['SlideLeft', 'SlideUp', 'SlideRight', 'SlideUp', 'SlideLeft', 'SlideDown', 'SlideLeft', 'SlideDown', 'SlideRight']"
Level 116,Astar-SumConflicts,0.03826904296875,108464,131,9,9,0,"['SlideRight', 'SlideDown', 'SlideLeft', 'SlideUp', 'SlideLeft', 'SlideDown', 'SlideLeft', 'SlideDown', 'SlideRight']"
Level 116,Astar-MaxConflicts,0.12740421295166016,384688,450,9,9,0,"['SlideLeft', 'SlideUp', 'SlideRight', 'SlideUp', 'SlideLeft', 'SlideDown', 'SlideLeft', 'SlideDown', 'SlideRight']"
Level 142,BFS,1.9044361114501953,10973224,9549,11,11,0,"['SlideUp', 'SlideRight', 'SlideDown', 'SlideLeft', 'SlideUp', 'SlideRight', 'SlideDown', 'SlideRight', 'SlideUp', 'SlideLeft', 'SlideDown']"
Level 142,IDS,10.086691856384277,2308384,152134,16,11,5,"['SlideUp', 'SlideLeft', 'SlideRight', 'SlideDown', 'SlideLeft', 'SlideRight', 'SlideLeft', 'SlideUp', 'SlideLeft', 'SlideRight', 'SlideUp', 'SlideDown', 'SlideRight', 'SlideUp', 'SlideLeft', 'SlideDown']"
Level 142,Greedy-SumTeleport,0.024953126907348633,69900,97,12,11,1,"['SlideLeft', 'SlideUp', 'SlideRight', 'SlideDown', 'SlideRight', 'SlideDown', 'SlideRight', 'SlideUp', 'SlideLeft', 'SlideUp', 'SlideLeft', 'SlideDown']"
Level 142,Greedy-MaxTeleport,0.8097989559173584,2905156,2441,11,11,0,"['SlideUp', 'SlideRight', 'SlideDown', 'SlideLeft', 'SlideUp', 'SlideRight', 'SlideDown', 'SlideRight', 'SlideUp', 'SlideLeft', 'SlideDown']"
Level 142,Greedy-SumBlockers,0.017688989639282227,31860,45,12,11,1,"['SlideLeft', 'SlideUp', 'SlideRight', 'SlideDown', 'SlideRight', 'SlideDown', 'SlideRight', 'SlideUp', 'SlideLeft', 'SlideUp', 'SlideLeft', 'SlideDown']"
Level 142,Greedy-MaxBlockers,3.3194360733032227,9439976,9792,21,11,10,"['SlideUp', 'SlideLeft', 'SlideUp', 'SlideRight', 'SlideDown', 'SlideLeft', 'SlideUp', 'SlideRight', 'SlideDown', 'SlideRight', 'SlideUp', 'SlideRight', 'SlideUp', 'SlideLeft', 'SlideDown', 'SlideRight', 'SlideUp', 'SlideLeft', 'SlideUp', 'SlideLeft', 'SlideDown']"
Level 142,Greedy-SumConflicts,0.011070966720581055,23368,34,12,11,1,"['SlideLeft', 'SlideUp', 'SlideRight', 'SlideDown', 'SlideRight', 'SlideDown', 'SlideRight', 'SlideUp', 'SlideLeft', 'SlideUp', 'SlideLeft', 'SlideDown']"
Level 142,Greedy-MaxConflicts,0.5742981433868408,1762884,1447,11,11,0,"['SlideUp', 'SlideRight', 'SlideDown', 'SlideLeft', 'SlideUp', 'SlideRight', 'SlideDown', 'SlideRight', 'SlideUp', 'SlideLeft', 'SlideDown']"
Level 142,Astar-SumTeleport,0.42682886123657227,1460468,1187,11,11,0,"['SlideUp', 'SlideRight', 'SlideDown', 'SlideLeft', 'SlideUp', 'SlideRight', 'SlideDown', 'SlideRight', 'SlideUp', 'SlideLeft', 'SlideDown']"
Level 142,Astar-MaxTeleport,0.9805262088775635,4063216,3113,11,11,0,"['SlideUp', 'SlideRight', 'SlideDown', 'SlideLeft', 'SlideUp', 'SlideRight', 'SlideDown', 'SlideRight', 'SlideUp', 'SlideLeft', 'SlideDown']"
Level 142,Astar-SumBlockers,0.3597538471221924,1061932,833,11,11,0,"['SlideUp', 'SlideRight', 'SlideDown', 'SlideLeft', 'SlideUp', 'SlideRight', 'SlideDown', 'SlideRight', 'SlideUp', 'SlideLeft', 'SlideDown']"
Level 142,Astar-MaxBlockers,0.943681001663208,3720760,2744,11,11,0,"['SlideUp', 'SlideRight', 'SlideDown', 'SlideLeft', 'SlideUp', 'SlideRight', 'SlideDown', 'SlideRight', 'SlideUp', 'SlideLeft', 'SlideDown']"
Level 142,Astar-SumConflicts,0.3260960578918457,1219564,967,11,11,0,"['SlideUp', 'SlideRight', 'SlideDown', 'SlideLeft', 'SlideUp', 'SlideRight', 'SlideDown', 'SlideRight', 'SlideUp', 'SlideLeft', 'SlideDown']"
Level 142,Astar-MaxConflicts,1.177091121673584,3958024,3053,11,11,0,"['SlideUp', 'SlideRight', 'SlideDown', 'SlideLeft', 'SlideUp', 'SlideRight', 'SlideDown', 'SlideRight', 'SlideUp', 'SlideLeft', 'SlideDown']"
Level 158,BFS,3.2612040042877197,22724288,18640,12,12,0,"['SlideRight', 'SlideUp', 'SlideLeft', 'SlideDown', 'SlideRight', 'SlideUp', 'SlideLeft', 'SlideUp', 'SlideRight', 'SlideDown', 'SlideLeft', 'SlideUp']"
Level 158,IDS,11.47526216506958,4292692,194206,17,12,5,"['SlideRight', 'SlideUp', 'SlideDown', 'SlideLeft', 'SlideUp', 'SlideLeft', 'SlideRight', 'SlideUp', 'SlideLeft', 'SlideDown', 'SlideLeft', 'SlideUp', 'SlideLeft', 'SlideRight', 'SlideDown', 'SlideLeft', 'SlideUp']"
Level 158,Greedy-SumTeleport,76.13965964317322,121665200,306741,19,12,7,"['SlideUp', 'SlideRight', 'SlideDown', 'SlideLeft', 'SlideUp', 'SlideLeft', 'SlideDown', 'SlideLeft', 'SlideUp', 'SlideRight', 'SlideDown', 'SlideLeft', 'SlideDown', 'SlideLeft', 'SlideUp', 'SlideRight', 'SlideDown', 'SlideLeft', 'SlideUp']"
Level 158,Greedy-MaxTeleport,3.2280678749084473,14896284,11737,12,12,0,"['SlideRight', 'SlideUp', 'SlideLeft', 'SlideDown', 'SlideRight', 'SlideUp', 'SlideLeft', 'SlideUp', 'SlideRight', 'SlideDown', 'SlideLeft', 'SlideUp']"
Level 158,Greedy-SumBlockers,8.753146886825562,16094060,36561,19,12,7,"['SlideUp', 'SlideRight', 'SlideDown', 'SlideLeft', 'SlideUp', 'SlideLeft', 'SlideDown', 'SlideLeft', 'SlideUp', 'SlideRight', 'SlideDown', 'SlideLeft', 'SlideDown', 'SlideLeft', 'SlideUp', 'SlideRight', 'SlideDown', 'SlideLeft', 'SlideUp']"
Level 158,Greedy-MaxBlockers,1.0807740688323975,4401816,3635,16,12,4,"['SlideLeft', 'SlideUp', 'SlideRight', 'SlideDown', 'SlideLeft', 'SlideUp', 'SlideRight', 'SlideDown', 'SlideLeft', 'SlideUp', 'SlideRight', 'SlideDown', 'SlideRight', 'SlideDown', 'SlideLeft', 'SlideUp']"
Level 158,Greedy-SumConflicts,18.32642102241516,39714904,71915,15,12,3,"['SlideUp', 'SlideRight', 'SlideDown', 'SlideLeft', 'SlideUp', 'SlideRight', 'SlideDown', 'SlideLeft', 'SlideDown', 'SlideLeft', 'SlideUp', 'SlideRight', 'SlideDown', 'SlideLeft', 'SlideUp']"
Level 158,Greedy-MaxConflicts,2.13621187210083,8373804,6562,12,12,0,"['SlideRight', 'SlideUp', 'SlideLeft', 'SlideDown', 'SlideRight', 'SlideUp', 'SlideLeft', 'SlideUp', 'SlideRight', 'SlideDown', 'SlideLeft', 'SlideUp']"
Level 158,Astar-SumTeleport,2.6486778259277344,11091700,10005,12,12,0,"['SlideRight', 'SlideUp', 'SlideLeft', 'SlideDown', 'SlideRight', 'SlideUp', 'SlideLeft', 'SlideUp', 'SlideRight', 'SlideDown', 'SlideLeft', 'SlideUp']"
Level 158,Astar-MaxTeleport,2.2844181060791016,10143760,8205,12,12,0,"['SlideRight', 'SlideUp', 'SlideLeft', 'SlideDown', 'SlideRight', 'SlideUp', 'SlideLeft', 'SlideUp', 'SlideRight', 'SlideDown', 'SlideLeft', 'SlideUp']"
Level 158,Astar-SumBlockers,2.512091875076294,10282924,8386,12,12,0,"['SlideRight', 'SlideUp', 'SlideLeft', 'SlideDown', 'SlideRight', 'SlideUp', 'SlideLeft', 'SlideUp', 'SlideRight', 'SlideDown', 'SlideLeft', 'SlideUp']"
Level 158,Astar-MaxBlockers,1.9356298446655273,8621036,6607,12,12,0,"['SlideRight', 'SlideUp', 'SlideLeft', 'SlideDown', 'SlideRight', 'SlideUp', 'SlideLeft', 'SlideUp', 'SlideRight', 'SlideDown', 'SlideLeft', 'SlideUp']"
Level 158,Astar-SumConflicts,2.481271982192993,9701408,7743,12,12,0,"['SlideRight', 'SlideUp', 'SlideLeft', 'SlideDown', 'SlideRight', 'SlideUp', 'SlideLeft', 'SlideUp', 'SlideRight', 'SlideDown', 'SlideLeft', 'SlideUp']"
Level 158,Astar-MaxConflicts,2.492598056793213,9685600,7718,12,12,0,"['SlideRight', 'SlideUp', 'SlideLeft', 'SlideDown', 'SlideRight', 'SlideUp', 'SlideLeft', 'SlideUp', 'SlideRight', 'SlideDown', 'SlideLeft', 'SlideUp']"
Level 174,BFS,7.015991926193237,44633664,42315,13,13,0,"['SlideRight', 'SlideUp', 'SlideLeft', 'SlideDown', 'SlideRight', 'SlideUp', 'SlideLeft', 'SlideUp', 'SlideRight', 'SlideUp', 'SlideLeft', 'SlideUp', 'SlideRight']"
Level 174,IDS,7.959779262542725,4148832,150832,15,13,2,"['SlideLeft', 'SlideRight', 'SlideUp', 'SlideLeft', 'SlideUp', 'SlideDown', 'SlideRight', 'SlideUp', 'SlideLeft', 'SlideUp', 'SlideRight', 'SlideUp', 'SlideLeft', 'SlideUp', 'SlideRight']"
Level 174,Greedy-SumTeleport,3.242691993713379,7900748,14077,21,13,8,"['SlideLeft', 'SlideUp', 'SlideRight', 'SlideUp', 'SlideRight', 'SlideDown', 'SlideLeft', 'SlideUp', 'SlideLeft', 'SlideUp', 'SlideRight', 'SlideUp', 'SlideLeft', 'SlideDown', 'SlideLeft', 'SlideUp', 'SlideRight', 'SlideUp', 'SlideLeft', 'SlideUp', 'SlideRight']"
Level 174,Greedy-MaxTeleport,1.8410768508911133,8430304,6586,17,13,4,"['SlideRight', 'SlideUp', 'SlideRight', 'SlideUp', 'SlideLeft', 'SlideUp', 'SlideRight', 'SlideUp', 'SlideLeft', 'SlideDown', 'SlideLeft', 'SlideUp', 'SlideRight', 'SlideUp', 'SlideLeft', 'SlideUp', 'SlideRight']"
Level 174,Greedy-SumBlockers,0.1275768280029297,452836,470,21,13,8,"['SlideLeft', 'SlideUp', 'SlideRight', 'SlideUp', 'SlideRight', 'SlideDown', 'SlideLeft', 'SlideUp', 'SlideLeft', 'SlideUp', 'SlideRight', 'SlideUp', 'SlideLeft', 'SlideDown', 'SlideLeft', 'SlideUp', 'SlideRight', 'SlideUp', 'SlideLeft', 'SlideUp', 'SlideRight']"
Level 174,Greedy-MaxBlockers,1.394340991973877,6035868,4599,17,13,4,"['SlideRight', 'SlideUp', 'SlideRight', 'SlideUp', 'SlideLeft', 'SlideUp', 'SlideRight', 'SlideUp', 'SlideLeft', 'SlideDown', 'SlideLeft', 'SlideUp', 'SlideRight', 'SlideUp', 'SlideLeft', 'SlideUp', 'SlideRight']"
Level 174,Greedy-SumConflicts,17.976797819137573,43827008,67009,34,13,21,"['SlideUp', 'SlideLeft', 'SlideDown', 'SlideLeft', 'SlideUp', 'SlideRight', 'SlideDown', 'SlideLeft', 'SlideUp', 'SlideRight', 'SlideUp', 'SlideLeft', 'SlideUp', 'SlideRight', 'SlideUp', 'SlideLeft', 'SlideDown', 'SlideRight', 'SlideUp', 'SlideLeft', 'SlideUp', 'SlideRight', 'SlideUp', 'SlideLeft', 'SlideUp', 'SlideRight', 'SlideUp', 'SlideRight', 'SlideDown', 'SlideLeft', 'SlideUp', 'SlideLeft', 'SlideUp', 'SlideRight']"
Level 174,Greedy-MaxConflicts,2.2976608276367188,9006976,7358,13,13,0,"['SlideRight', 'SlideUp', 'SlideLeft', 'SlideDown', 'SlideRight', 'SlideUp', 'SlideLeft', 'SlideUp', 'SlideRight', 'SlideUp', 'SlideLeft', 'SlideUp', 'SlideRight']"
Level 174,Astar-SumTeleport,2.2900381088256836,10261636,8148,13,13,0,"['SlideRight', 'SlideUp', 'SlideLeft', 'SlideDown', 'SlideRight', 'SlideUp', 'SlideLeft', 'SlideUp', 'SlideRight', 'SlideUp', 'SlideLeft', 'SlideUp', 'SlideRight']"
Level 174,Astar-MaxTeleport,5.7634382247924805,25146004,20726,13,13,0,"['SlideRight', 'SlideUp', 'SlideLeft', 'SlideDown', 'SlideRight', 'SlideUp', 'SlideLeft', 'SlideUp', 'SlideRight', 'SlideUp', 'SlideLeft', 'SlideUp', 'SlideRight']"
Level 174,Astar-SumBlockers,2.3628108501434326,9284604,7305,13,13,0,"['SlideRight', 'SlideUp', 'SlideLeft', 'SlideDown', 'SlideRight', 'SlideUp', 'SlideLeft', 'SlideUp', 'SlideRight', 'SlideUp', 'SlideLeft', 'SlideUp', 'SlideRight']"
Level 174,Astar-MaxBlockers,6.5514819622039795,23307052,19225,13,13,0,"['SlideRight', 'SlideUp', 'SlideLeft', 'SlideDown', 'SlideRight', 'SlideUp', 'SlideLeft', 'SlideUp', 'SlideRight', 'SlideUp', 'SlideLeft', 'SlideUp', 'SlideRight']"
Level 174,Astar-SumConflicts,2.2089970111846924,8376540,6080,13,13,0,"['SlideRight', 'SlideUp', 'SlideLeft', 'SlideDown', 'SlideRight', 'SlideUp', 'SlideLeft', 'SlideUp', 'SlideRight', 'SlideUp', 'SlideLeft', 'SlideUp', 'SlideRight']"
Level 174,Astar-MaxConflicts,6.840009927749634,24005232,19914,13,13,0,"['SlideRight', 'SlideUp', 'SlideLeft', 'SlideDown', 'SlideRight', 'SlideUp', 'SlideLeft', 'SlideUp', 'SlideRight', 'SlideUp', 'SlideLeft', 'SlideUp', 'SlideRight']"
